name,priority,domain
Action America,,actionamerica.com
Advance America,,advanceamerica.com
Advance USA,,advanceusa.com
America Accelerate,,americaaccelerate.com
America Ahead,,americaahead.com
America Amplified,,americaamplified.com
America Ascending,,americaascending.com
America Awakens,,americaawakens.com
America Evolving,,americaevolving.com
America Forward Now,,americaforwardnow.com
America Ignited,,americaignited.com
America in Motion,,americainmotion.com
America Moving,,americamoving.com
America Next,,americanext.com
America Progress,,americaprogress.com
America Rebound,,americarebound.com
America Reimagined,,americareimagined.com
America Renewed,,americarenewed.com
America Rising,,americarising.com
America Shifted,,americashifted.com
America Thrive,,americathrive.com
America Transformed,,americatransformed.com
America Unfolding,,americaunfolding.com
America Uniting,,americauniting.com
America Uplift,,americauplift.com
American Advance,,americanadvance.com
American Ascent,,americanascent.com
American Axis,,americanaxis.com
American Blueprint,,americanblueprint.com
American Breakthrough,,americanbreakthrough.com
American Build,,americanbuild.com
American Chart,,americanchart.com
American Climb,,americanclimb.com
American Compass,,americancompass.com
American Crossroads,,americancrossroads.com
American Dawn,,americandawn.com
American Daybreak,,americandaybreak.com
American Drive,,americandrive.com
American Edge,,americanedge.com
American Elevate,,americanelevate.com
American Elevation,,americanelevation.com
American Era,,americanera.com
American Fuel,,americanfuel.com
American Groundswell,,americangroundswell.com
American Heading,,americanheading.com
American Headway,,americanheadway.com
American Helm,,americanhelm.com
American Horizon,,americanhorizon.com
American Ignition,,americanignition.com
American Inflection,,americaninflection.com
American Launch,,americanlaunch.com
American Leap,,americanleap.com
American Level Up,,americanlevelup.com
American Lift,,americanlift.com
American Mobilize,,americanmobilize.com
American Momentum,,americanmomentum.com
American Pathways,,americanpathways.com
American Promise,,americanpromise.com
American Propel,,americanpropel.com
American Rally,,americanrally.com
American Rebirth,,americanrebirth.com
American Reboot,,americanreboot.com
American Rebuild,,americanrebuild.com
American Recalibration,,americanrecalibration.com
American Reclaim,,americanreclaim.com
American Redirect,,americanredirect.com
American Reforge,,americanreforge.com
American Renaissance,,americanrenaissance.com
American Renewal,,americanrenewal.com
American Reset,,americanreset.com
American Restore,,americanrestore.com
American Revival,,americanrevival.com
American Rewire,,americanrewire.com
American Rise,,americanrise.com
American Shift,,americanshift.com
American Spark,,americanspark.com
American Surge,,americansurge.com
American Synergy,,americansynergy.com
American Tidal,,americantidal.com
American Tilt,,americantilt.com
American Tomorrow,,americantomorrow.com
American Trajectory,,americantrajectory.com
American True North,,americantruenorth.com
American Upshift,,americanupshift.com
American Upswing,,americanupswing.com
American Vector,,americanvector.com
American Vision,,americanvision.com
American Watershed,,americanwatershed.com
American Wave,,americanwave.com
American Way Forward,,americanwayforward.com
Americas Next Move,,americasnextmove.com
Apex America,,apexamerica.com
Arc Forward USA,,arcforwardusa.com
Arc of America,,arcofamerica.com
Ascend America,,ascendamerica.com
Ascend Freedom USA,,ascendfreedomusa.com
Awaken America,,awakenamerica.com
Awakening America,,awakeningamerica.com
Beacon Renewal America,,beaconrenewalamerica.com
Beacon USA,,beaconusa.com
Bend America,,bendamerica.com
Better America,,betteramerica.com
Better America Now,,betteramericanow.com
Better Arc USA,,betterarcusa.com
Better Course USA,,bettercourseusa.com
Better Days USA,,betterdaysusa.com
Better Future USA,,betterfutureusa.com
Better Nation,,betternation.com
Better Path USA,,betterpathusa.com
Better Tomorrow USA,,bettertomorrowusa.com
Blueprint America,,blueprintamerica.com
Bold America,,boldamerica.com
Bold Freedom USA,,boldfreedomusa.com
Bold Horizon America,,boldhorizonamerica.com
Bold Move USA,,boldmoveusa.com
Breakthrough America,,breakthroughamerica.com
Bright Future America,,brightfutureamerica.com
Bright Future USA,,brightfutureusa.com
Bright Nation USA,,brightnationusa.com
Bright Path USA,,brightpathusa.com
Brighter America,,brighteramerica.com
Brighter USA,,brighterusa.com
Build Tomorrow,,buildtomorrow.com
Build Tomorrow USA,,buildtomorrowusa.com
Catalyst America,,catalystamerica.com
Catalyst Horizon USA,,catalysthorizonusa.com
Catalyst USA,,catalystusa.com
Champion Change USA,,championchangeusa.com
Change Wave America,,changewaveamerica.com
Chart America,,chartamerica.com
Citizens Shift,,citizensshift.com
Civic Rise,,civicrise.com
Coalition Forward,,coalitionforward.com
Compass America,,compassamerica.com
Compass Point USA,,compasspointusa.com
Construct Our Future,,constructourfuture.com
Courage Catalyst USA,,couragecatalystusa.com
Course Correct USA,,coursecorrectusa.com
Course Correction USA,,coursecorrectionusa.com
Dawn America,,dawnamerica.com
Dawn America Now,,dawnamericanow.com
Daybreak America,,daybreakamerica.com
Destiny Drive,,destinydrive.com
Dream Forward USA,,dreamforwardusa.com
Drive USA Forward,,driveusaforward.com
Elevate America,,elevateamerica.com
Empowerment USA,,empowermentusa.com
Excellence America,,excellenceamerica.com
Flourish Freedom,,flourishfreedom.com
Forge America,,forgeamerica.com
Forge Forward USA,,forgeforwardusa.com
Forge Freedom,,forgefreedom.com
Forward America,,forwardamerica.com
Forward Arc USA,,forwardarcusa.com
Forward Forge USA,,forwardforgeusa.com
Forward Nation USA,,forwardnationusa.com
Forward Path,,forwardpath.com
Forward Together,,forwardtogether.com
Forward Union USA,,forwardunionusa.com
Forward Vision USA,,forwardvisionusa.com
Freedom Catalyst USA,,freedomcatalystusa.com
Freedom Forward USA,,freedomforwardusa.com
Freedom Horizon,,freedomhorizon.com
Freedom Reimagined,,freedomreimagined.com
Freedom Surge,,freedomsurge.com
Fresh Start USA,,freshstartusa.com
Fuel America,,fuelamerica.com
Future Course America,,futurecourseamerica.com
Future Forge,,futureforge.com
Future Forge USA,,futureforgeusa.com
Future Path USA,,futurepathusa.com
Future Rise USA,,futureriseusa.com
Future Shift USA,,futureshiftusa.com
Glory Path America,,glorypathamerica.com
Greatness Rising,,greatnessrising.com
Groundswell USA,,groundswellusa.com
Headway USA,,headwayusa.com
Helm America,,helmamerica.com
Heritage Horizon USA,,heritagehorizonusa.com
Honor Path USA,,honorpathusa.com
Hope Horizon USA,,hopehorizonusa.com
Hope Tomorrow USA,,hopetomorrowusa.com
Horizon Shift,,horizonshift.com
Horizon USA,,horizonusa.com
Horizons America,,horizonsamerica.com
Ignite America,,igniteamerica.com
Inspire Nation,,inspirenation.com
Integrity Surge America,,integritysurgeamerica.com
Journey USA,,journeyusa.com
Justice Dawn USA,,justicedawnusa.com
Keystone Liberty,,keystoneliberty.com
Kinetic USA,,kineticusa.com
Launch America,,launchamerica.com
Legacy Lift America,,legacyliftamerica.com
Level Up America,,levelupamerica.com
Liberty Ascent,,libertyascent.com
Liberty Catalyst,,libertycatalyst.com
Liberty Forward,,libertyforward.com
Liberty Horizon America,,libertyhorizonamerica.com
Liberty Rising USA,,libertyrisingusa.com
Lift America,,liftamerica.com
Mission America,,missionamerica.com
Mobilize America,,mobilizeamerica.com
Momentum America,,momentumamerica.com
Momentum USA,,momentumusa.com
National Revival,,nationalrevival.com
Navigate Tomorrow,,navigatetomorrow.com
New America Now,,newamericanow.com
New Axis USA,,newaxisusa.com
New Chapter Nation,,newchapternation.com
New Course America,,newcourseamerica.com
New Course Nation,,newcoursenation.com
New Course USA,,newcourseusa.com
New Dawn America,,newdawnamerica.com
New Dawn USA,,newdawnusa.com
New Day USA,,newdayusa.com
New Direction USA,,newdirectionusa.com
New Energy USA,,newenergyusa.com
New Era USA,,newerausa.com
New Heading USA,,newheadingusa.com
New Horizon USA,,newhorizonusa.com
New Momentum USA,,newmomentumusa.com
New Path USA,,newpathusa.com
New Pulse USA,,newpulseusa.com
New Route USA,,newrouteusa.com
New Spark USA,,newsparkusa.com
New Spirit USA,,newspiritusa.com
New Tide USA,,newtideusa.com
New Trajectory USA,,newtrajectoryusa.com
New Vector USA,,newvectorusa.com
New Vision USA,,newvisionusa.com
New Wave USA,,newwaveusa.com
Next Chapter USA,,nextchapterusa.com
Next Horizon USA,,nexthorizonusa.com
Next Move USA,,nextmoveusa.com
Next Step USA,,nextstepusa.com
Next Turn America,,nextturnamerica.com
Next Wave USA,,nextwaveusa.com
Nexus Freedom,,nexusfreedom.com
Open Road USA,,openroadusa.com
Opportunity Surge,,opportunitysurge.com
Optimize USA,,optimizeusa.com
Our New Era,,ournewera.com
Path Ahead USA,,pathaheadusa.com
Path Forward USA,,pathforwardusa.com
Path to Better,,pathtobetter.com
Patriot Ascent USA,,patriotascentusa.com
Patriot Momentum,,patriotmomentum.com
Patriot Path,,patriotpath.com
Patriot Renewal USA,,patriotrenewalusa.com
Patriot Surge USA,,patriotsurgeusa.com
Pivot America,,pivotamerica.com
Pivot Point America,,pivotpointamerica.com
Pride Renewal USA,,priderenewalusa.com
Progress Pulse,,progresspulse.com
Promise Forward,,promiseforward.com
Propel America,,propelamerica.com
Propel USA,,propelusa.com
Prosper America,,prosperamerica.com
Pulse America,,pulseamerica.com
Quest America,,questamerica.com
Rally America,,rallyamerica.com
Reboot America,,rebootamerica.com
Rebuild America,,rebuildamerica.com
Recalibrate America,,recalibrateamerica.com
Reclaim America,,reclaimamerica.com
Redirect America,,redirectamerica.com
Reforge America,,reforgeamerica.com
Remake America,,remakeamerica.com
Renew America,,renewamerica.com
Renew USA,,renewusa.com
Renewal America,,renewalamerica.com
Renewal Surge,,renewalsurge.com
Renewal USA,,renewalusa.com
Reset America,,resetamerica.com
Resilient USA,,resilientusa.com
Restore America,,restoreamerica.com
Resurgence America,,resurgenceamerica.com
Resurgence Freedom,,resurgencefreedom.com
Revive USA,,reviveusa.com
Rewire America,,rewireamerica.com
Rise America,,riseamerica.com
Rise America Now,,riseamericanow.com
Rise and Build,,riseandbuild.com
Rise and Renew,,riseandrenew.com
Rise Forward,,riseforward.com
Rise Nation Forward,,risenationforward.com
Rise Nation USA,,risenationusa.com
Rise of Liberty,,riseofliberty.com
Rise Together Nation,,risetogethernation.com
Rise Together USA,,risetogetherusa.com
Rise Up America,,riseupamerica.com
Rising Voices USA,,risingvoicesusa.com
Shift Forward USA,,shiftforwardusa.com
Shift Tomorrow,,shifttomorrow.com
Shift USA,,shiftusa.com
Spark America,,sparkamerica.com
Spark USA,,sparkusa.com
Springboard USA,,springboardusa.com
Steer America,,steeramerica.com
Strategic America,,strategicamerica.com
Strategy Shift USA,,strategyshiftusa.com
Strength America,,strengthamerica.com
Strong America Now,,strongamericanow.com
Stronger Tomorrow,,strongertomorrow.com
Surge America,,surgeamerica.com
Surge Forward USA,,surgeforwardusa.com
Tactics for Tomorrow,,tacticsfortomorrow.com
The American Crest,,theamericancrest.com
The American Pivot,,theamericanpivot.com
The American Rise,,theamericanrise.com
The Better Path,,thebetterpath.com
The Good Shift,,thegoodshift.com
The New Foundation,,thenewfoundation.com
The New Pulse,,thenewpulse.com
The Next Move,,thenextmove.com
The Next Wave,,thenextwave.com
The Peoples Pivot,,thepeoplespivot.com
Thrive America,,thriveamerica.com
Thrive USA,,thriveusa.com
Tidal Shift USA,,tidalshiftusa.com
Tide Shift America,,tideshiftamerica.com
Together Forward USA,,togetherforwardusa.com
Trailblazer Freedom,,trailblazerfreedom.com
Trailblazer USA,,trailblazerusa.com
Triumph Horizon,,triumphhorizon.com
Triumph Path USA,,triumphpathusa.com
True North USA,,truenorthusa.com
Turning Tide USA,,turningtideusa.com
Unite Forward USA,,uniteforwardusa.com
United Ascent USA,,unitedascentusa.com
United Forward,,unitedforward.com
United Horizon,,unitedhorizon.com
United Momentum,,unitedmomentum.com
United Pathways,,unitedpathways.com
United Renewal,,unitedrenewal.com
United Revival,,unitedrevival.com
United Rise,,unitedrise.com
United Shift,,unitedshift.com
Unity Catalyst America,,unitycatalystamerica.com
Uplift America,,upliftamerica.com
Upward America,,upwardamerica.com
Vanguard USA,,vanguardusa.com
Velocity America,,velocityamerica.com
Victory Path America,,victorypathamerica.com
Victory Surge USA,,victorysurgeusa.com
Vision USA,,visionusa.com
Vital Shift,,vitalshift.com
Vital Vision USA,,vitalvisionusa.com
Vitality America,,vitalityamerica.com
Watershed USA,,watershedusa.com
Wave Forward USA,,waveforwardusa.com
Wave Renewal America,,waverenewalamerica.com
We The Shift,,wetheshift.com
Wisdom Renewal,,wisdomrenewal.com
Wisdom Wave USA,,wisdomwaveusa.com
Zenith Path USA,,zenithpathusa.com
Zenith USA,,zenithusa.com
Upward Path America,,upwardpathamerica.com
Upward Nation,,upwardnation.com
Upward USA,,upwardusa.com
Upward Bound America,,upwardboundamerica.com
Upward Momentum USA,,upwardmomentumusa.com
Upward Course America,,upwardcourseamerica.com
Upward Horizon USA,,upwardhorizonusa.com
Upward Shift America,,upwardshiftamerica.com
Upward Vision USA,,upwardvisionusa.com
Upward Arc America,,upwardarcamerica.com
Upward Drive USA,,upwarddriveusa.com
Upward Forge America,,upwardforgeamerica.com
Upward Dawn USA,,upwarddawnusa.com
Upward Freedom America,,upwardfreedomamerica.com
Upward Liberty USA,,upwardlibertyusa.com
Upward Surge America,,upwardsurgeamerica.com
Upward Rise USA,,upwardriseusa.com
Upward Spark America,,upwardsparkamerica.com
Upward Future USA,,upwardfutureusa.com
Upward Together America,,upwardtogetheramerica.com
Path Upward America,,pathupwardamerica.com
Path Upward USA,,pathupwardusa.com
Path Upward Nation,,pathupwardnation.com
America Path Upward,,americapathupward.com
American Upward Path,,americanupwardpath.com
Climbing America,,climbingamerica.com
Climb Forward USA,,climbforwardusa.com
Upward Beacon America,,upwardbeaconamerica.com
Upward Promise USA,,upwardpromiseusa.com
Upward Renewal America,,upwardrenewalamerica.com
